INSERT INTO protostellar."Product"
VALUES (
         '49cebff1-7fe6-48c7-b974-b31aca6dea10'::uuid,
         'Point Machine',
         'L700H',
         'Point Machine L700H',
         CURRENT_TIMESTAMP,
         '',
         'be527f12-0a80-4f72-a5ce-9320f7220176',
         CURRENT_TIMESTAMP,
         '',
         'be527f12-0a80-4f72-a5ce-9320f7220176'
       ) ON CONFLICT("ID") DO NOTHING;

INSERT INTO protostellar."Customer"
  (
    "ID",
    "Name",
    "Email",
    "Description",
    "SysInsertTS",
    "SysUpdateTS"
  )
VALUES ('55cebff1-7fe6-48c7-b974-b31aca6dea22'::uuid, 'Webshop Test customer', NULL, 'Webshop Test customer', CURRENT_TIMESTAMP, CURRENT_TIMESTAMP),
       ('cf685550-815d-4e13-8ac3-a0bb2f7c5670'::uuid, 'Bombardier', NULL, 'Bombardier', CURRENT_TIMESTAMP, CURRENT_TIMESTAMP),
       ('524e50c8-f69d-4068-8f55-0aca08f93c7a'::uuid, 'Pintsch Bamag', NULL, 'Pintsch Bamag', CURRENT_TIMESTAMP, CURRENT_TIMESTAMP),
       ('c845930e-d861-4acb-984a-86f268eecc05'::uuid, 'Scheidt & Bachmann', NULL, 'Scheidt & Bachmann', CURRENT_TIMESTAMP, CURRENT_TIMESTAMP),
       ('c411e37a-7435-434e-8653-a45073fa9cd6'::uuid, 'Hitachi Rail', NULL, 'Hitachi Rail', CURRENT_TIMESTAMP, CURRENT_TIMESTAMP);

-- webshop test user
INSERT INTO protostellar."1LUser"
("ID", "Email", "AzureAccountId", "DisplayedName", "SysInsertTS", "SysInsertPrg", "SysInsertUserID", "SysUpdateTS", "SysUpdatePrg", "SysUpdateUserID")
VALUES('fd90e76b-b0e7-4bbb-9559-110b83e3ec87'::uuid, 'webshopuser@protostellar.eu', '7ccba34c-4949-4f4d-b488-f80f251cbda3', 'Webshop User',
       '2021-12-02 10:06:27.370', 'Integration Tests', 'Webshop User', '2021-12-02 10:06:27.370', 'Integration Tests', 'Webshop User');


-- New User Group with customer id for marketplace
INSERT INTO track_predict."UserGroup"("ID", "Name", "CustomerId")
VALUES ('a590cd7d-4a57-42d9-9a93-a49f9bac27c3', 'User Group for marketplace', '55cebff1-7fe6-48c7-b974-b31aca6dea22');

-- Mapping a test user to above UserGroup and consider new users to map to this User group for test environments
INSERT INTO track_predict."UserToUserGroup" ("UserId", "UserGroupId")
VALUES('fd90e76b-b0e7-4bbb-9559-110b83e3ec87'::uuid, 'a590cd7d-4a57-42d9-9a93-a49f9bac27c3'::uuid);

INSERT INTO protostellar."Article" (
         "ID",
         "ThalesNr",
         "DetectorBar",
         "Trailable",
         "ConnectorPointDetector",
         "ThrowingForce",
         "ThrowingStroke",
         "MaxThrowingTime",
         "PhasePlug",
         "AdditionalContact",
         "StandardApplication",
         "SysInsertTS"
       )
VALUES ('0e5dd834-ec99-49a4-af70-23a46e80c782','82001 01030',  TRUE, TRUE, NULL, 5000, 220, 6.5, NULL, NULL, 'Spitzenverschluss', '2021-02-15 06:48:35' ),
       ('92160b5a-c278-4ff9-8281-50a4ec297eeb','82001 01032',  NULL, TRUE, NULL, 5000, 220, 6.5, NULL, NULL, 'Gleissperre', '2021-02-15 06:48:35' ),
       ('af94a562-02b6-4dbf-a397-7a3174a59bd3','82001 01037',  TRUE, TRUE, TRUE, 5000, 220, 6.5, NULL, NULL, 'Spitzenverschluss', '2021-02-15 06:48:35' ),
       ('7551f70d-3139-48f6-8dd3-a9c086666243','3JA 15534 AAAA',  TRUE, TRUE, TRUE, 5000, 220, 6.5, NULL, TRUE, 'Spitzenverschluss', '2021-02-15 06:48:35' ),
       ('fbe5163c-aaf9-4620-bc5d-38c6227370fe','3JA 15535 AAAA',  TRUE, TRUE, TRUE, 5000, 220, 6.5, TRUE, NULL, 'Spitzenverschluss', '2021-02-15 06:48:35' ),
       ('7190dd52-8efe-432e-a946-ddb123fab8d8','3JA 15537 AAAA',  TRUE, TRUE, TRUE, 5000, 220, 6.5, TRUE, TRUE, 'Spitzenverschluss', '2021-02-15 06:48:35' ),
       ('ddf4950f-149b-4e74-b34f-b9ab74da1369','82001 01045',  NULL, TRUE, NULL, 3450, 150, 1, NULL, NULL, 'Schnellläufer', '2021-02-15 06:48:35' ),
       ('908a2f4e-a461-4ef5-8033-510dfb9322d7','82001 01055',  TRUE, TRUE, NULL, 5000, 150, 5, NULL, NULL, 'Flachkreuzung', '2021-02-15 06:48:35' ),
       ('ef2bcc5b-ba9d-4e77-8c01-a33e210ba395','82001 01063',  NULL, TRUE, NULL, 3450, 220, 2.7, NULL, NULL, 'Schnellläufer', '2021-02-15 06:48:35' ),
       ('773736e2-3179-458e-8f21-3d14d10f889a','82001 01064',  TRUE, TRUE, NULL, 3450, 220, 2.7, NULL, NULL, 'Schnellläufer', '2021-02-15 06:48:35' ),
       ('6a7b3da7-8d9e-49a2-9b2e-7d17dae734e6','82001 01065',  TRUE, NULL, TRUE, 5000, 220, 6.5, NULL, NULL, 'Spitzenverschluss', '2021-02-15 06:48:35' ),
       ('5e208a5e-662f-4a66-80c7-31b38da8f074','3JA 15536 AAAA',  TRUE, NULL, TRUE, 5000, 220, 6.5, TRUE, NULL, 'Spitzenverschluss', '2021-02-15 06:48:35' ),
       ('b48c5b73-42ce-4f2c-ac0e-a350eeb6bfe7','3JA 15538 AAAA',  TRUE, NULL, TRUE, 5000, 220, 6.5, TRUE, TRUE, 'Spitzenverschluss', '2021-02-15 06:48:35' ),
       ('fe13dc72-21c8-4119-b1fe-b49817b7d848','82001 01066',  TRUE, NULL, TRUE, 8000, 220, 8, NULL, NULL, 'Spitzenverschluss', '2021-02-15 06:48:35' ),
       ('c98d788a-fffb-4d41-b28d-5ab88ad480de','3JA 15536 BAAA',  TRUE, NULL, TRUE, 8000, 220, 8, TRUE, NULL, 'Spitzenverschluss', '2021-02-15 06:48:35' ),
       ('331ea911-dd66-4f36-b47a-694f9da711a3','82001 01067',  TRUE, NULL, TRUE, 5000, 220, 6.5, NULL, NULL, 'Herzstück', '2021-02-15 06:48:35' ),
       ('ec1dcf78-7c4c-46ea-8680-af15825ca33c','3JA 15536 JAAA',  TRUE, NULL, TRUE, 5000, 220, 6, TRUE, NULL, 'Herzstück ', '2021-02-15 06:48:35' ),
       ('f9752cc7-4d87-47a2-95d4-942994eef43d','82001 01074',  TRUE, NULL, TRUE, 4500, 220, 6, NULL, NULL, 'HRS Weiche', '2021-02-15 06:48:35' ),
       ('4229b980-9d25-4d8e-b364-93c98813f4eb','82001 01079',  TRUE, NULL, TRUE, 5900, 220, 6, NULL, NULL, 'HRS Weiche', '2021-02-15 06:48:35' ),
       ('83e88885-9831-4f77-aa90-c7dbcaf3a850','3JA 15536 CAAA',  TRUE, NULL, TRUE, 5900, 220, 6, TRUE, NULL, 'HRS Weiche', '2021-02-15 06:48:35' ),
       ('519cf621-7b44-49b6-8eb9-00642af0c2df','82001 01080',  TRUE, NULL, TRUE, 4500, 220, 6, NULL, NULL, 'HRS Weiche', '2021-02-15 06:48:35' ),
       ('079313bb-c8a5-409e-b342-4063d332c115','3JA 15536 DAAA',  TRUE, NULL, TRUE, 4500, 220, 6, TRUE, NULL, 'HRS Weiche', '2021-02-15 06:48:35' ),
       ('c8953c26-1d17-4b05-9a6a-79e84b9f1c98','82001 01081',  TRUE, NULL, TRUE, 4500, 150, 6, NULL, NULL, 'HRS Weiche', '2021-02-15 06:48:35' ),
       ('54ddc027-153a-41b1-95b1-f05a22495147','3JA 15536 EAAA',  TRUE, NULL, TRUE, 4500, 150, 6, TRUE, NULL, 'HRS Weiche', '2021-02-15 06:48:35' ),
       ('59665050-24b0-4bb4-b2c0-7e371429e283','82001 01082',  TRUE, NULL, TRUE, 6500, 150, 6, NULL, NULL, 'HRS Weiche', '2021-02-15 06:48:35' ),
       ('0832dc1e-34e9-4d41-acfd-a03c473a177f','3JA 15536 FAAA',  TRUE, NULL, TRUE, 6500, 150, 6, TRUE, NULL, 'HRS Weiche', '2021-02-15 06:48:35' ),
       ('e98971a1-3a06-4504-98bf-4b3ad08f4401','3JA 15531 AAAA',  TRUE, NULL, TRUE, 8000, 220, 8, NULL, NULL, 'HRS Weiche', '2021-02-15 06:48:35' ),
       ('97a2d259-179d-4db5-a2f3-facf3e638c2f','3JA 15536 GAAA',  TRUE, NULL, TRUE, 8000, 220, 8, TRUE, NULL, 'HRS Weiche', '2021-02-15 06:48:35' ),
       ('dabf60f1-2303-4d3e-844a-f2a08d57d4b6','3JA 15532 AAAA',  NULL, NULL, TRUE, 8000, 150, 8, NULL, NULL, 'Mittelverschluss', '2021-02-15 06:48:35' ),
       ('bbcaa317-e66e-43a3-aada-f23db5856202','3JA 15536 HAAA',  NULL, NULL, TRUE, 8000, 150, 8, TRUE, NULL, 'Mittelverschluss', '2021-02-15 06:48:35' );

INSERT INTO protostellar."ProductToArticle" (
                                             "ProductId",
                                             "ArticleId",
                                             "SysInsertTS",
                                             "SysUpdateTS"
                                             )
        VALUES ('49cebff1-7fe6-48c7-b974-b31aca6dea10', '0e5dd834-ec99-49a4-af70-23a46e80c782', CURRENT_TIMESTAMP, CURRENT_TIMESTAMP),
                ('49cebff1-7fe6-48c7-b974-b31aca6dea10', '92160b5a-c278-4ff9-8281-50a4ec297eeb', CURRENT_TIMESTAMP, CURRENT_TIMESTAMP),
                ('49cebff1-7fe6-48c7-b974-b31aca6dea10', 'af94a562-02b6-4dbf-a397-7a3174a59bd3', CURRENT_TIMESTAMP, CURRENT_TIMESTAMP),
                ('49cebff1-7fe6-48c7-b974-b31aca6dea10', '7551f70d-3139-48f6-8dd3-a9c086666243', CURRENT_TIMESTAMP, CURRENT_TIMESTAMP),
                ('49cebff1-7fe6-48c7-b974-b31aca6dea10', 'fbe5163c-aaf9-4620-bc5d-38c6227370fe', CURRENT_TIMESTAMP, CURRENT_TIMESTAMP),
                ('49cebff1-7fe6-48c7-b974-b31aca6dea10', '7190dd52-8efe-432e-a946-ddb123fab8d8', CURRENT_TIMESTAMP, CURRENT_TIMESTAMP),
                ('49cebff1-7fe6-48c7-b974-b31aca6dea10', 'ddf4950f-149b-4e74-b34f-b9ab74da1369', CURRENT_TIMESTAMP, CURRENT_TIMESTAMP),
                ('49cebff1-7fe6-48c7-b974-b31aca6dea10', '908a2f4e-a461-4ef5-8033-510dfb9322d7', CURRENT_TIMESTAMP, CURRENT_TIMESTAMP),
                ('49cebff1-7fe6-48c7-b974-b31aca6dea10', 'ef2bcc5b-ba9d-4e77-8c01-a33e210ba395', CURRENT_TIMESTAMP, CURRENT_TIMESTAMP),
                ('49cebff1-7fe6-48c7-b974-b31aca6dea10', '773736e2-3179-458e-8f21-3d14d10f889a', CURRENT_TIMESTAMP, CURRENT_TIMESTAMP),
                ('49cebff1-7fe6-48c7-b974-b31aca6dea10', '6a7b3da7-8d9e-49a2-9b2e-7d17dae734e6', CURRENT_TIMESTAMP, CURRENT_TIMESTAMP),
                ('49cebff1-7fe6-48c7-b974-b31aca6dea10', '5e208a5e-662f-4a66-80c7-31b38da8f074', CURRENT_TIMESTAMP, CURRENT_TIMESTAMP),
                ('49cebff1-7fe6-48c7-b974-b31aca6dea10', 'b48c5b73-42ce-4f2c-ac0e-a350eeb6bfe7', CURRENT_TIMESTAMP, CURRENT_TIMESTAMP),
                ('49cebff1-7fe6-48c7-b974-b31aca6dea10', 'fe13dc72-21c8-4119-b1fe-b49817b7d848', CURRENT_TIMESTAMP, CURRENT_TIMESTAMP),
                ('49cebff1-7fe6-48c7-b974-b31aca6dea10', 'c98d788a-fffb-4d41-b28d-5ab88ad480de', CURRENT_TIMESTAMP, CURRENT_TIMESTAMP),
                ('49cebff1-7fe6-48c7-b974-b31aca6dea10', '331ea911-dd66-4f36-b47a-694f9da711a3', CURRENT_TIMESTAMP, CURRENT_TIMESTAMP),
                ('49cebff1-7fe6-48c7-b974-b31aca6dea10', 'ec1dcf78-7c4c-46ea-8680-af15825ca33c', CURRENT_TIMESTAMP, CURRENT_TIMESTAMP),
                ('49cebff1-7fe6-48c7-b974-b31aca6dea10', 'f9752cc7-4d87-47a2-95d4-942994eef43d', CURRENT_TIMESTAMP, CURRENT_TIMESTAMP),
                ('49cebff1-7fe6-48c7-b974-b31aca6dea10', '4229b980-9d25-4d8e-b364-93c98813f4eb', CURRENT_TIMESTAMP, CURRENT_TIMESTAMP),
                ('49cebff1-7fe6-48c7-b974-b31aca6dea10', '83e88885-9831-4f77-aa90-c7dbcaf3a850', CURRENT_TIMESTAMP, CURRENT_TIMESTAMP),
                ('49cebff1-7fe6-48c7-b974-b31aca6dea10', '519cf621-7b44-49b6-8eb9-00642af0c2df', CURRENT_TIMESTAMP, CURRENT_TIMESTAMP),
                ('49cebff1-7fe6-48c7-b974-b31aca6dea10', '079313bb-c8a5-409e-b342-4063d332c115', CURRENT_TIMESTAMP, CURRENT_TIMESTAMP),
                ('49cebff1-7fe6-48c7-b974-b31aca6dea10', 'c8953c26-1d17-4b05-9a6a-79e84b9f1c98', CURRENT_TIMESTAMP, CURRENT_TIMESTAMP),
                ('49cebff1-7fe6-48c7-b974-b31aca6dea10', '54ddc027-153a-41b1-95b1-f05a22495147', CURRENT_TIMESTAMP, CURRENT_TIMESTAMP),
                ('49cebff1-7fe6-48c7-b974-b31aca6dea10', '59665050-24b0-4bb4-b2c0-7e371429e283', CURRENT_TIMESTAMP, CURRENT_TIMESTAMP),
                ('49cebff1-7fe6-48c7-b974-b31aca6dea10', '0832dc1e-34e9-4d41-acfd-a03c473a177f', CURRENT_TIMESTAMP, CURRENT_TIMESTAMP),
                ('49cebff1-7fe6-48c7-b974-b31aca6dea10', 'e98971a1-3a06-4504-98bf-4b3ad08f4401', CURRENT_TIMESTAMP, CURRENT_TIMESTAMP),
                ('49cebff1-7fe6-48c7-b974-b31aca6dea10', '97a2d259-179d-4db5-a2f3-facf3e638c2f', CURRENT_TIMESTAMP, CURRENT_TIMESTAMP),
                ('49cebff1-7fe6-48c7-b974-b31aca6dea10', 'dabf60f1-2303-4d3e-844a-f2a08d57d4b6', CURRENT_TIMESTAMP, CURRENT_TIMESTAMP),
                ('49cebff1-7fe6-48c7-b974-b31aca6dea10', 'bbcaa317-e66e-43a3-aada-f23db5856202', CURRENT_TIMESTAMP, CURRENT_TIMESTAMP);

INSERT INTO protostellar."CustomerToArticlePrice"(
        "CustomerId",
        "ArticleId",
        "Price",
        "SysInsertTS",
        "SysInsertPrg",
        "SysInsertUserID",
        "SysUpdateTS",
        "SysUpdatePrg",
        "SysUpdateUserID"
        )
VALUES ('55cebff1-7fe6-48c7-b974-b31aca6dea22','0e5dd834-ec99-49a4-af70-23a46e80c782', 9488.78,CURRENT_TIMESTAMP,NULL,NULL,CURRENT_TIMESTAMP,NULL,NULL),
       ('55cebff1-7fe6-48c7-b974-b31aca6dea22','92160b5a-c278-4ff9-8281-50a4ec297eeb', 9488.78,CURRENT_TIMESTAMP,NULL,NULL,CURRENT_TIMESTAMP,NULL,NULL ),
       ('55cebff1-7fe6-48c7-b974-b31aca6dea22','af94a562-02b6-4dbf-a397-7a3174a59bd3', 9488.78,CURRENT_TIMESTAMP,NULL,NULL,CURRENT_TIMESTAMP,NULL,NULL ),
       ('55cebff1-7fe6-48c7-b974-b31aca6dea22','7551f70d-3139-48f6-8dd3-a9c086666243', 10070.32,CURRENT_TIMESTAMP,NULL,NULL,CURRENT_TIMESTAMP,NULL,NULL ),
       ('55cebff1-7fe6-48c7-b974-b31aca6dea22','fbe5163c-aaf9-4620-bc5d-38c6227370fe', 0,CURRENT_TIMESTAMP,NULL,NULL,CURRENT_TIMESTAMP,NULL,NULL ),
       ('55cebff1-7fe6-48c7-b974-b31aca6dea22','7190dd52-8efe-432e-a946-ddb123fab8d8', 0,CURRENT_TIMESTAMP,NULL,NULL,CURRENT_TIMESTAMP,NULL,NULL ),
       ('55cebff1-7fe6-48c7-b974-b31aca6dea22','ddf4950f-149b-4e74-b34f-b9ab74da1369', 8844.42,CURRENT_TIMESTAMP,NULL,NULL,CURRENT_TIMESTAMP,NULL,NULL ),
       ('55cebff1-7fe6-48c7-b974-b31aca6dea22','908a2f4e-a461-4ef5-8033-510dfb9322d7', 9488.78,CURRENT_TIMESTAMP,NULL,NULL,CURRENT_TIMESTAMP,NULL,NULL ),
       ('55cebff1-7fe6-48c7-b974-b31aca6dea22','ef2bcc5b-ba9d-4e77-8c01-a33e210ba395', 9101.56,CURRENT_TIMESTAMP,NULL,NULL,CURRENT_TIMESTAMP,NULL,NULL ),
       ('55cebff1-7fe6-48c7-b974-b31aca6dea22','773736e2-3179-458e-8f21-3d14d10f889a', 9101.56,CURRENT_TIMESTAMP,NULL,NULL,CURRENT_TIMESTAMP,NULL,NULL ),
       ('55cebff1-7fe6-48c7-b974-b31aca6dea22','6a7b3da7-8d9e-49a2-9b2e-7d17dae734e6', 9488.78,CURRENT_TIMESTAMP,NULL,NULL,CURRENT_TIMESTAMP,NULL,NULL ),
       ('55cebff1-7fe6-48c7-b974-b31aca6dea22','5e208a5e-662f-4a66-80c7-31b38da8f074', 0,CURRENT_TIMESTAMP,NULL,NULL,CURRENT_TIMESTAMP,NULL,NULL ),
       ('55cebff1-7fe6-48c7-b974-b31aca6dea22','b48c5b73-42ce-4f2c-ac0e-a350eeb6bfe7', NULL,CURRENT_TIMESTAMP,NULL,NULL,CURRENT_TIMESTAMP,NULL,NULL ),
       ('55cebff1-7fe6-48c7-b974-b31aca6dea22','fe13dc72-21c8-4119-b1fe-b49817b7d848', 9488.78,CURRENT_TIMESTAMP,NULL,NULL,CURRENT_TIMESTAMP,NULL,NULL ),
       ('55cebff1-7fe6-48c7-b974-b31aca6dea22','c98d788a-fffb-4d41-b28d-5ab88ad480de', 0 ,CURRENT_TIMESTAMP,NULL,NULL,CURRENT_TIMESTAMP,NULL,NULL),
       ('55cebff1-7fe6-48c7-b974-b31aca6dea22','331ea911-dd66-4f36-b47a-694f9da711a3', 9488.78,CURRENT_TIMESTAMP,NULL,NULL,CURRENT_TIMESTAMP,NULL,NULL ),
       ('55cebff1-7fe6-48c7-b974-b31aca6dea22','ec1dcf78-7c4c-46ea-8680-af15825ca33c', 0,CURRENT_TIMESTAMP,NULL,NULL,CURRENT_TIMESTAMP,NULL,NULL ),
       ('55cebff1-7fe6-48c7-b974-b31aca6dea22','f9752cc7-4d87-47a2-95d4-942994eef43d', 9101.56,CURRENT_TIMESTAMP,NULL,NULL,CURRENT_TIMESTAMP,NULL,NULL ),
       ('55cebff1-7fe6-48c7-b974-b31aca6dea22','4229b980-9d25-4d8e-b364-93c98813f4eb',9101.56,CURRENT_TIMESTAMP,NULL,NULL,CURRENT_TIMESTAMP,NULL,NULL ),
       ('55cebff1-7fe6-48c7-b974-b31aca6dea22','83e88885-9831-4f77-aa90-c7dbcaf3a850', 0,CURRENT_TIMESTAMP,NULL,NULL,CURRENT_TIMESTAMP,NULL,NULL ),
       ('55cebff1-7fe6-48c7-b974-b31aca6dea22','519cf621-7b44-49b6-8eb9-00642af0c2df', 9101.56,CURRENT_TIMESTAMP,NULL,NULL,CURRENT_TIMESTAMP,NULL,NULL ),
       ('55cebff1-7fe6-48c7-b974-b31aca6dea22','079313bb-c8a5-409e-b342-4063d332c115', 0,CURRENT_TIMESTAMP,NULL,NULL,CURRENT_TIMESTAMP,NULL,NULL ),
       ('55cebff1-7fe6-48c7-b974-b31aca6dea22','c8953c26-1d17-4b05-9a6a-79e84b9f1c98', 9101.56,CURRENT_TIMESTAMP,NULL,NULL,CURRENT_TIMESTAMP,NULL,NULL ),
       ('55cebff1-7fe6-48c7-b974-b31aca6dea22','54ddc027-153a-41b1-95b1-f05a22495147', 0,CURRENT_TIMESTAMP,NULL,NULL,CURRENT_TIMESTAMP,NULL,NULL ),
       ('55cebff1-7fe6-48c7-b974-b31aca6dea22','59665050-24b0-4bb4-b2c0-7e371429e283', 9101.56,CURRENT_TIMESTAMP,NULL,NULL,CURRENT_TIMESTAMP,NULL,NULL ),
       ('55cebff1-7fe6-48c7-b974-b31aca6dea22','0832dc1e-34e9-4d41-acfd-a03c473a177f', 0,CURRENT_TIMESTAMP,NULL,NULL,CURRENT_TIMESTAMP,NULL,NULL ),
       ('55cebff1-7fe6-48c7-b974-b31aca6dea22','e98971a1-3a06-4504-98bf-4b3ad08f4401', 9101.56,CURRENT_TIMESTAMP,NULL,NULL,CURRENT_TIMESTAMP,NULL,NULL ),
       ('55cebff1-7fe6-48c7-b974-b31aca6dea22','97a2d259-179d-4db5-a2f3-facf3e638c2f', 0,CURRENT_TIMESTAMP,NULL,NULL,CURRENT_TIMESTAMP,NULL,NULL ),
       ('55cebff1-7fe6-48c7-b974-b31aca6dea22','dabf60f1-2303-4d3e-844a-f2a08d57d4b6', 9101.56,CURRENT_TIMESTAMP,NULL,NULL,CURRENT_TIMESTAMP,NULL,NULL ),
       ('55cebff1-7fe6-48c7-b974-b31aca6dea22','bbcaa317-e66e-43a3-aada-f23db5856202', 0,CURRENT_TIMESTAMP,NULL,NULL,CURRENT_TIMESTAMP,NULL,NULL),
       ('cf685550-815d-4e13-8ac3-a0bb2f7c5670','0e5dd834-ec99-49a4-af70-23a46e80c782', 9488.78,CURRENT_TIMESTAMP,NULL,NULL,CURRENT_TIMESTAMP,NULL,NULL),
       ('cf685550-815d-4e13-8ac3-a0bb2f7c5670','92160b5a-c278-4ff9-8281-50a4ec297eeb', 9488.78,CURRENT_TIMESTAMP,NULL,NULL,CURRENT_TIMESTAMP,NULL,NULL ),
       ('cf685550-815d-4e13-8ac3-a0bb2f7c5670','af94a562-02b6-4dbf-a397-7a3174a59bd3', 9488.78,CURRENT_TIMESTAMP,NULL,NULL,CURRENT_TIMESTAMP,NULL,NULL ),
       ('cf685550-815d-4e13-8ac3-a0bb2f7c5670','7551f70d-3139-48f6-8dd3-a9c086666243', 10070.32,CURRENT_TIMESTAMP,NULL,NULL,CURRENT_TIMESTAMP,NULL,NULL ),
       ('cf685550-815d-4e13-8ac3-a0bb2f7c5670','fbe5163c-aaf9-4620-bc5d-38c6227370fe', 0,CURRENT_TIMESTAMP,NULL,NULL,CURRENT_TIMESTAMP,NULL,NULL ),
       ('cf685550-815d-4e13-8ac3-a0bb2f7c5670','7190dd52-8efe-432e-a946-ddb123fab8d8', 0,CURRENT_TIMESTAMP,NULL,NULL,CURRENT_TIMESTAMP,NULL,NULL ),
       ('cf685550-815d-4e13-8ac3-a0bb2f7c5670','ddf4950f-149b-4e74-b34f-b9ab74da1369', 8844.42,CURRENT_TIMESTAMP,NULL,NULL,CURRENT_TIMESTAMP,NULL,NULL ),
       ('cf685550-815d-4e13-8ac3-a0bb2f7c5670','908a2f4e-a461-4ef5-8033-510dfb9322d7', 9488.78,CURRENT_TIMESTAMP,NULL,NULL,CURRENT_TIMESTAMP,NULL,NULL ),
       ('cf685550-815d-4e13-8ac3-a0bb2f7c5670','ef2bcc5b-ba9d-4e77-8c01-a33e210ba395', 9101.56,CURRENT_TIMESTAMP,NULL,NULL,CURRENT_TIMESTAMP,NULL,NULL ),
       ('cf685550-815d-4e13-8ac3-a0bb2f7c5670','773736e2-3179-458e-8f21-3d14d10f889a', 9101.56,CURRENT_TIMESTAMP,NULL,NULL,CURRENT_TIMESTAMP,NULL,NULL ),
       ('cf685550-815d-4e13-8ac3-a0bb2f7c5670','6a7b3da7-8d9e-49a2-9b2e-7d17dae734e6', 9488.78,CURRENT_TIMESTAMP,NULL,NULL,CURRENT_TIMESTAMP,NULL,NULL ),
       ('cf685550-815d-4e13-8ac3-a0bb2f7c5670','5e208a5e-662f-4a66-80c7-31b38da8f074', 0,CURRENT_TIMESTAMP,NULL,NULL,CURRENT_TIMESTAMP,NULL,NULL ),
       ('cf685550-815d-4e13-8ac3-a0bb2f7c5670','b48c5b73-42ce-4f2c-ac0e-a350eeb6bfe7', NULL,CURRENT_TIMESTAMP,NULL,NULL,CURRENT_TIMESTAMP,NULL,NULL ),
       ('cf685550-815d-4e13-8ac3-a0bb2f7c5670','fe13dc72-21c8-4119-b1fe-b49817b7d848', 9488.78,CURRENT_TIMESTAMP,NULL,NULL,CURRENT_TIMESTAMP,NULL,NULL ),
       ('cf685550-815d-4e13-8ac3-a0bb2f7c5670','c98d788a-fffb-4d41-b28d-5ab88ad480de', 0 ,CURRENT_TIMESTAMP,NULL,NULL,CURRENT_TIMESTAMP,NULL,NULL),
       ('cf685550-815d-4e13-8ac3-a0bb2f7c5670','331ea911-dd66-4f36-b47a-694f9da711a3', 9488.78,CURRENT_TIMESTAMP,NULL,NULL,CURRENT_TIMESTAMP,NULL,NULL ),
       ('cf685550-815d-4e13-8ac3-a0bb2f7c5670','ec1dcf78-7c4c-46ea-8680-af15825ca33c', 0,CURRENT_TIMESTAMP,NULL,NULL,CURRENT_TIMESTAMP,NULL,NULL ),
       ('cf685550-815d-4e13-8ac3-a0bb2f7c5670','f9752cc7-4d87-47a2-95d4-942994eef43d', 9101.56,CURRENT_TIMESTAMP,NULL,NULL,CURRENT_TIMESTAMP,NULL,NULL ),
       ('cf685550-815d-4e13-8ac3-a0bb2f7c5670','4229b980-9d25-4d8e-b364-93c98813f4eb',9101.56,CURRENT_TIMESTAMP,NULL,NULL,CURRENT_TIMESTAMP,NULL,NULL ),
       ('cf685550-815d-4e13-8ac3-a0bb2f7c5670','83e88885-9831-4f77-aa90-c7dbcaf3a850', 0,CURRENT_TIMESTAMP,NULL,NULL,CURRENT_TIMESTAMP,NULL,NULL ),
       ('cf685550-815d-4e13-8ac3-a0bb2f7c5670','519cf621-7b44-49b6-8eb9-00642af0c2df', 9101.56,CURRENT_TIMESTAMP,NULL,NULL,CURRENT_TIMESTAMP,NULL,NULL ),
       ('cf685550-815d-4e13-8ac3-a0bb2f7c5670','079313bb-c8a5-409e-b342-4063d332c115', 0,CURRENT_TIMESTAMP,NULL,NULL,CURRENT_TIMESTAMP,NULL,NULL ),
       ('cf685550-815d-4e13-8ac3-a0bb2f7c5670','c8953c26-1d17-4b05-9a6a-79e84b9f1c98', 9101.56,CURRENT_TIMESTAMP,NULL,NULL,CURRENT_TIMESTAMP,NULL,NULL ),
       ('cf685550-815d-4e13-8ac3-a0bb2f7c5670','54ddc027-153a-41b1-95b1-f05a22495147', 0,CURRENT_TIMESTAMP,NULL,NULL,CURRENT_TIMESTAMP,NULL,NULL ),
       ('cf685550-815d-4e13-8ac3-a0bb2f7c5670','59665050-24b0-4bb4-b2c0-7e371429e283', 9101.56,CURRENT_TIMESTAMP,NULL,NULL,CURRENT_TIMESTAMP,NULL,NULL ),
       ('cf685550-815d-4e13-8ac3-a0bb2f7c5670','0832dc1e-34e9-4d41-acfd-a03c473a177f', 0,CURRENT_TIMESTAMP,NULL,NULL,CURRENT_TIMESTAMP,NULL,NULL ),
       ('cf685550-815d-4e13-8ac3-a0bb2f7c5670','e98971a1-3a06-4504-98bf-4b3ad08f4401', 9101.56,CURRENT_TIMESTAMP,NULL,NULL,CURRENT_TIMESTAMP,NULL,NULL ),
       ('cf685550-815d-4e13-8ac3-a0bb2f7c5670','97a2d259-179d-4db5-a2f3-facf3e638c2f', 0,CURRENT_TIMESTAMP,NULL,NULL,CURRENT_TIMESTAMP,NULL,NULL ),
       ('cf685550-815d-4e13-8ac3-a0bb2f7c5670','dabf60f1-2303-4d3e-844a-f2a08d57d4b6', 9101.56,CURRENT_TIMESTAMP,NULL,NULL,CURRENT_TIMESTAMP,NULL,NULL ),
       ('cf685550-815d-4e13-8ac3-a0bb2f7c5670','bbcaa317-e66e-43a3-aada-f23db5856202', 0,CURRENT_TIMESTAMP,NULL,NULL,CURRENT_TIMESTAMP,NULL,NULL),
       ('524e50c8-f69d-4068-8f55-0aca08f93c7a','0e5dd834-ec99-49a4-af70-23a46e80c782', 9488.78,CURRENT_TIMESTAMP,NULL,NULL,CURRENT_TIMESTAMP,NULL,NULL),
       ('524e50c8-f69d-4068-8f55-0aca08f93c7a','92160b5a-c278-4ff9-8281-50a4ec297eeb', 9488.78,CURRENT_TIMESTAMP,NULL,NULL,CURRENT_TIMESTAMP,NULL,NULL ),
       ('524e50c8-f69d-4068-8f55-0aca08f93c7a','af94a562-02b6-4dbf-a397-7a3174a59bd3', 9488.78,CURRENT_TIMESTAMP,NULL,NULL,CURRENT_TIMESTAMP,NULL,NULL ),
       ('524e50c8-f69d-4068-8f55-0aca08f93c7a','7551f70d-3139-48f6-8dd3-a9c086666243', 10070.32,CURRENT_TIMESTAMP,NULL,NULL,CURRENT_TIMESTAMP,NULL,NULL ),
       ('524e50c8-f69d-4068-8f55-0aca08f93c7a','fbe5163c-aaf9-4620-bc5d-38c6227370fe', 0,CURRENT_TIMESTAMP,NULL,NULL,CURRENT_TIMESTAMP,NULL,NULL ),
       ('524e50c8-f69d-4068-8f55-0aca08f93c7a','7190dd52-8efe-432e-a946-ddb123fab8d8', 0,CURRENT_TIMESTAMP,NULL,NULL,CURRENT_TIMESTAMP,NULL,NULL ),
       ('524e50c8-f69d-4068-8f55-0aca08f93c7a','ddf4950f-149b-4e74-b34f-b9ab74da1369', 8844.42,CURRENT_TIMESTAMP,NULL,NULL,CURRENT_TIMESTAMP,NULL,NULL ),
       ('524e50c8-f69d-4068-8f55-0aca08f93c7a','908a2f4e-a461-4ef5-8033-510dfb9322d7', 9488.78,CURRENT_TIMESTAMP,NULL,NULL,CURRENT_TIMESTAMP,NULL,NULL ),
       ('524e50c8-f69d-4068-8f55-0aca08f93c7a','ef2bcc5b-ba9d-4e77-8c01-a33e210ba395', 9101.56,CURRENT_TIMESTAMP,NULL,NULL,CURRENT_TIMESTAMP,NULL,NULL ),
       ('524e50c8-f69d-4068-8f55-0aca08f93c7a','773736e2-3179-458e-8f21-3d14d10f889a', 9101.56,CURRENT_TIMESTAMP,NULL,NULL,CURRENT_TIMESTAMP,NULL,NULL ),
       ('524e50c8-f69d-4068-8f55-0aca08f93c7a','6a7b3da7-8d9e-49a2-9b2e-7d17dae734e6', 9488.78,CURRENT_TIMESTAMP,NULL,NULL,CURRENT_TIMESTAMP,NULL,NULL ),
       ('524e50c8-f69d-4068-8f55-0aca08f93c7a','5e208a5e-662f-4a66-80c7-31b38da8f074', 0,CURRENT_TIMESTAMP,NULL,NULL,CURRENT_TIMESTAMP,NULL,NULL ),
       ('524e50c8-f69d-4068-8f55-0aca08f93c7a','b48c5b73-42ce-4f2c-ac0e-a350eeb6bfe7', NULL,CURRENT_TIMESTAMP,NULL,NULL,CURRENT_TIMESTAMP,NULL,NULL ),
       ('524e50c8-f69d-4068-8f55-0aca08f93c7a','fe13dc72-21c8-4119-b1fe-b49817b7d848', 9488.78,CURRENT_TIMESTAMP,NULL,NULL,CURRENT_TIMESTAMP,NULL,NULL ),
       ('524e50c8-f69d-4068-8f55-0aca08f93c7a','c98d788a-fffb-4d41-b28d-5ab88ad480de', 0 ,CURRENT_TIMESTAMP,NULL,NULL,CURRENT_TIMESTAMP,NULL,NULL),
       ('524e50c8-f69d-4068-8f55-0aca08f93c7a','331ea911-dd66-4f36-b47a-694f9da711a3', 9488.78,CURRENT_TIMESTAMP,NULL,NULL,CURRENT_TIMESTAMP,NULL,NULL ),
       ('524e50c8-f69d-4068-8f55-0aca08f93c7a','ec1dcf78-7c4c-46ea-8680-af15825ca33c', 0,CURRENT_TIMESTAMP,NULL,NULL,CURRENT_TIMESTAMP,NULL,NULL ),
       ('524e50c8-f69d-4068-8f55-0aca08f93c7a','f9752cc7-4d87-47a2-95d4-942994eef43d', 9101.56,CURRENT_TIMESTAMP,NULL,NULL,CURRENT_TIMESTAMP,NULL,NULL ),
       ('524e50c8-f69d-4068-8f55-0aca08f93c7a','4229b980-9d25-4d8e-b364-93c98813f4eb',9101.56,CURRENT_TIMESTAMP,NULL,NULL,CURRENT_TIMESTAMP,NULL,NULL ),
       ('524e50c8-f69d-4068-8f55-0aca08f93c7a','83e88885-9831-4f77-aa90-c7dbcaf3a850', 0,CURRENT_TIMESTAMP,NULL,NULL,CURRENT_TIMESTAMP,NULL,NULL ),
       ('524e50c8-f69d-4068-8f55-0aca08f93c7a','519cf621-7b44-49b6-8eb9-00642af0c2df', 9101.56,CURRENT_TIMESTAMP,NULL,NULL,CURRENT_TIMESTAMP,NULL,NULL ),
       ('524e50c8-f69d-4068-8f55-0aca08f93c7a','079313bb-c8a5-409e-b342-4063d332c115', 0,CURRENT_TIMESTAMP,NULL,NULL,CURRENT_TIMESTAMP,NULL,NULL ),
       ('524e50c8-f69d-4068-8f55-0aca08f93c7a','c8953c26-1d17-4b05-9a6a-79e84b9f1c98', 9101.56,CURRENT_TIMESTAMP,NULL,NULL,CURRENT_TIMESTAMP,NULL,NULL ),
       ('524e50c8-f69d-4068-8f55-0aca08f93c7a','54ddc027-153a-41b1-95b1-f05a22495147', 0,CURRENT_TIMESTAMP,NULL,NULL,CURRENT_TIMESTAMP,NULL,NULL ),
       ('524e50c8-f69d-4068-8f55-0aca08f93c7a','59665050-24b0-4bb4-b2c0-7e371429e283', 9101.56,CURRENT_TIMESTAMP,NULL,NULL,CURRENT_TIMESTAMP,NULL,NULL ),
       ('524e50c8-f69d-4068-8f55-0aca08f93c7a','0832dc1e-34e9-4d41-acfd-a03c473a177f', 0,CURRENT_TIMESTAMP,NULL,NULL,CURRENT_TIMESTAMP,NULL,NULL ),
       ('524e50c8-f69d-4068-8f55-0aca08f93c7a','e98971a1-3a06-4504-98bf-4b3ad08f4401', 9101.56,CURRENT_TIMESTAMP,NULL,NULL,CURRENT_TIMESTAMP,NULL,NULL ),
       ('524e50c8-f69d-4068-8f55-0aca08f93c7a','97a2d259-179d-4db5-a2f3-facf3e638c2f', 0,CURRENT_TIMESTAMP,NULL,NULL,CURRENT_TIMESTAMP,NULL,NULL ),
       ('524e50c8-f69d-4068-8f55-0aca08f93c7a','dabf60f1-2303-4d3e-844a-f2a08d57d4b6', 9101.56,CURRENT_TIMESTAMP,NULL,NULL,CURRENT_TIMESTAMP,NULL,NULL ),
       ('524e50c8-f69d-4068-8f55-0aca08f93c7a','bbcaa317-e66e-43a3-aada-f23db5856202', 0,CURRENT_TIMESTAMP,NULL,NULL,CURRENT_TIMESTAMP,NULL,NULL),
       ('c845930e-d861-4acb-984a-86f268eecc05','0e5dd834-ec99-49a4-af70-23a46e80c782', 9488.78,CURRENT_TIMESTAMP,NULL,NULL,CURRENT_TIMESTAMP,NULL,NULL),
       ('c845930e-d861-4acb-984a-86f268eecc05','92160b5a-c278-4ff9-8281-50a4ec297eeb', 9488.78,CURRENT_TIMESTAMP,NULL,NULL,CURRENT_TIMESTAMP,NULL,NULL ),
       ('c845930e-d861-4acb-984a-86f268eecc05','af94a562-02b6-4dbf-a397-7a3174a59bd3', 9488.78,CURRENT_TIMESTAMP,NULL,NULL,CURRENT_TIMESTAMP,NULL,NULL ),
       ('c845930e-d861-4acb-984a-86f268eecc05','7551f70d-3139-48f6-8dd3-a9c086666243', 10070.32,CURRENT_TIMESTAMP,NULL,NULL,CURRENT_TIMESTAMP,NULL,NULL ),
       ('c845930e-d861-4acb-984a-86f268eecc05','fbe5163c-aaf9-4620-bc5d-38c6227370fe', 0,CURRENT_TIMESTAMP,NULL,NULL,CURRENT_TIMESTAMP,NULL,NULL ),
       ('c845930e-d861-4acb-984a-86f268eecc05','7190dd52-8efe-432e-a946-ddb123fab8d8', 0,CURRENT_TIMESTAMP,NULL,NULL,CURRENT_TIMESTAMP,NULL,NULL ),
       ('c845930e-d861-4acb-984a-86f268eecc05','ddf4950f-149b-4e74-b34f-b9ab74da1369', 8844.42,CURRENT_TIMESTAMP,NULL,NULL,CURRENT_TIMESTAMP,NULL,NULL ),
       ('c845930e-d861-4acb-984a-86f268eecc05','908a2f4e-a461-4ef5-8033-510dfb9322d7', 9488.78,CURRENT_TIMESTAMP,NULL,NULL,CURRENT_TIMESTAMP,NULL,NULL ),
       ('c845930e-d861-4acb-984a-86f268eecc05','ef2bcc5b-ba9d-4e77-8c01-a33e210ba395', 9101.56,CURRENT_TIMESTAMP,NULL,NULL,CURRENT_TIMESTAMP,NULL,NULL ),
       ('c845930e-d861-4acb-984a-86f268eecc05','773736e2-3179-458e-8f21-3d14d10f889a', 9101.56,CURRENT_TIMESTAMP,NULL,NULL,CURRENT_TIMESTAMP,NULL,NULL ),
       ('c845930e-d861-4acb-984a-86f268eecc05','6a7b3da7-8d9e-49a2-9b2e-7d17dae734e6', 9488.78,CURRENT_TIMESTAMP,NULL,NULL,CURRENT_TIMESTAMP,NULL,NULL ),
       ('c845930e-d861-4acb-984a-86f268eecc05','5e208a5e-662f-4a66-80c7-31b38da8f074', 0,CURRENT_TIMESTAMP,NULL,NULL,CURRENT_TIMESTAMP,NULL,NULL ),
       ('c845930e-d861-4acb-984a-86f268eecc05','b48c5b73-42ce-4f2c-ac0e-a350eeb6bfe7', NULL,CURRENT_TIMESTAMP,NULL,NULL,CURRENT_TIMESTAMP,NULL,NULL ),
       ('c845930e-d861-4acb-984a-86f268eecc05','fe13dc72-21c8-4119-b1fe-b49817b7d848', 9488.78,CURRENT_TIMESTAMP,NULL,NULL,CURRENT_TIMESTAMP,NULL,NULL ),
       ('c845930e-d861-4acb-984a-86f268eecc05','c98d788a-fffb-4d41-b28d-5ab88ad480de', 0 ,CURRENT_TIMESTAMP,NULL,NULL,CURRENT_TIMESTAMP,NULL,NULL),
       ('c845930e-d861-4acb-984a-86f268eecc05','331ea911-dd66-4f36-b47a-694f9da711a3', 9488.78,CURRENT_TIMESTAMP,NULL,NULL,CURRENT_TIMESTAMP,NULL,NULL ),
       ('c845930e-d861-4acb-984a-86f268eecc05','ec1dcf78-7c4c-46ea-8680-af15825ca33c', 0,CURRENT_TIMESTAMP,NULL,NULL,CURRENT_TIMESTAMP,NULL,NULL ),
       ('c845930e-d861-4acb-984a-86f268eecc05','f9752cc7-4d87-47a2-95d4-942994eef43d', 9101.56,CURRENT_TIMESTAMP,NULL,NULL,CURRENT_TIMESTAMP,NULL,NULL ),
       ('c845930e-d861-4acb-984a-86f268eecc05','4229b980-9d25-4d8e-b364-93c98813f4eb',9101.56,CURRENT_TIMESTAMP,NULL,NULL,CURRENT_TIMESTAMP,NULL,NULL ),
       ('c845930e-d861-4acb-984a-86f268eecc05','83e88885-9831-4f77-aa90-c7dbcaf3a850', 0,CURRENT_TIMESTAMP,NULL,NULL,CURRENT_TIMESTAMP,NULL,NULL ),
       ('c845930e-d861-4acb-984a-86f268eecc05','519cf621-7b44-49b6-8eb9-00642af0c2df', 9101.56,CURRENT_TIMESTAMP,NULL,NULL,CURRENT_TIMESTAMP,NULL,NULL ),
       ('c845930e-d861-4acb-984a-86f268eecc05','079313bb-c8a5-409e-b342-4063d332c115', 0,CURRENT_TIMESTAMP,NULL,NULL,CURRENT_TIMESTAMP,NULL,NULL ),
       ('c845930e-d861-4acb-984a-86f268eecc05','c8953c26-1d17-4b05-9a6a-79e84b9f1c98', 9101.56,CURRENT_TIMESTAMP,NULL,NULL,CURRENT_TIMESTAMP,NULL,NULL ),
       ('c845930e-d861-4acb-984a-86f268eecc05','54ddc027-153a-41b1-95b1-f05a22495147', 0,CURRENT_TIMESTAMP,NULL,NULL,CURRENT_TIMESTAMP,NULL,NULL ),
       ('c845930e-d861-4acb-984a-86f268eecc05','59665050-24b0-4bb4-b2c0-7e371429e283', 9101.56,CURRENT_TIMESTAMP,NULL,NULL,CURRENT_TIMESTAMP,NULL,NULL ),
       ('c845930e-d861-4acb-984a-86f268eecc05','0832dc1e-34e9-4d41-acfd-a03c473a177f', 0,CURRENT_TIMESTAMP,NULL,NULL,CURRENT_TIMESTAMP,NULL,NULL ),
       ('c845930e-d861-4acb-984a-86f268eecc05','e98971a1-3a06-4504-98bf-4b3ad08f4401', 9101.56,CURRENT_TIMESTAMP,NULL,NULL,CURRENT_TIMESTAMP,NULL,NULL ),
       ('c845930e-d861-4acb-984a-86f268eecc05','97a2d259-179d-4db5-a2f3-facf3e638c2f', 0,CURRENT_TIMESTAMP,NULL,NULL,CURRENT_TIMESTAMP,NULL,NULL ),
       ('c845930e-d861-4acb-984a-86f268eecc05','dabf60f1-2303-4d3e-844a-f2a08d57d4b6', 9101.56,CURRENT_TIMESTAMP,NULL,NULL,CURRENT_TIMESTAMP,NULL,NULL ),
       ('c845930e-d861-4acb-984a-86f268eecc05','bbcaa317-e66e-43a3-aada-f23db5856202', 0,CURRENT_TIMESTAMP,NULL,NULL,CURRENT_TIMESTAMP,NULL,NULL),
       ('c411e37a-7435-434e-8653-a45073fa9cd6','0e5dd834-ec99-49a4-af70-23a46e80c782', 9488.78,CURRENT_TIMESTAMP,NULL,NULL,CURRENT_TIMESTAMP,NULL,NULL),
       ('c411e37a-7435-434e-8653-a45073fa9cd6','92160b5a-c278-4ff9-8281-50a4ec297eeb', 9488.78,CURRENT_TIMESTAMP,NULL,NULL,CURRENT_TIMESTAMP,NULL,NULL ),
       ('c411e37a-7435-434e-8653-a45073fa9cd6','af94a562-02b6-4dbf-a397-7a3174a59bd3', 9488.78,CURRENT_TIMESTAMP,NULL,NULL,CURRENT_TIMESTAMP,NULL,NULL ),
       ('c411e37a-7435-434e-8653-a45073fa9cd6','7551f70d-3139-48f6-8dd3-a9c086666243', 10070.32,CURRENT_TIMESTAMP,NULL,NULL,CURRENT_TIMESTAMP,NULL,NULL ),
       ('c411e37a-7435-434e-8653-a45073fa9cd6','fbe5163c-aaf9-4620-bc5d-38c6227370fe', 0,CURRENT_TIMESTAMP,NULL,NULL,CURRENT_TIMESTAMP,NULL,NULL ),
       ('c411e37a-7435-434e-8653-a45073fa9cd6','7190dd52-8efe-432e-a946-ddb123fab8d8', 0,CURRENT_TIMESTAMP,NULL,NULL,CURRENT_TIMESTAMP,NULL,NULL ),
       ('c411e37a-7435-434e-8653-a45073fa9cd6','ddf4950f-149b-4e74-b34f-b9ab74da1369', 8844.42,CURRENT_TIMESTAMP,NULL,NULL,CURRENT_TIMESTAMP,NULL,NULL ),
       ('c411e37a-7435-434e-8653-a45073fa9cd6','908a2f4e-a461-4ef5-8033-510dfb9322d7', 9488.78,CURRENT_TIMESTAMP,NULL,NULL,CURRENT_TIMESTAMP,NULL,NULL ),
       ('c411e37a-7435-434e-8653-a45073fa9cd6','ef2bcc5b-ba9d-4e77-8c01-a33e210ba395', 9101.56,CURRENT_TIMESTAMP,NULL,NULL,CURRENT_TIMESTAMP,NULL,NULL ),
       ('c411e37a-7435-434e-8653-a45073fa9cd6','773736e2-3179-458e-8f21-3d14d10f889a', 9101.56,CURRENT_TIMESTAMP,NULL,NULL,CURRENT_TIMESTAMP,NULL,NULL ),
       ('c411e37a-7435-434e-8653-a45073fa9cd6','6a7b3da7-8d9e-49a2-9b2e-7d17dae734e6', 9488.78,CURRENT_TIMESTAMP,NULL,NULL,CURRENT_TIMESTAMP,NULL,NULL ),
       ('c411e37a-7435-434e-8653-a45073fa9cd6','5e208a5e-662f-4a66-80c7-31b38da8f074', 0,CURRENT_TIMESTAMP,NULL,NULL,CURRENT_TIMESTAMP,NULL,NULL ),
       ('c411e37a-7435-434e-8653-a45073fa9cd6','b48c5b73-42ce-4f2c-ac0e-a350eeb6bfe7', NULL,CURRENT_TIMESTAMP,NULL,NULL,CURRENT_TIMESTAMP,NULL,NULL ),
       ('c411e37a-7435-434e-8653-a45073fa9cd6','fe13dc72-21c8-4119-b1fe-b49817b7d848', 9488.78,CURRENT_TIMESTAMP,NULL,NULL,CURRENT_TIMESTAMP,NULL,NULL ),
       ('c411e37a-7435-434e-8653-a45073fa9cd6','c98d788a-fffb-4d41-b28d-5ab88ad480de', 0 ,CURRENT_TIMESTAMP,NULL,NULL,CURRENT_TIMESTAMP,NULL,NULL),
       ('c411e37a-7435-434e-8653-a45073fa9cd6','331ea911-dd66-4f36-b47a-694f9da711a3', 9488.78,CURRENT_TIMESTAMP,NULL,NULL,CURRENT_TIMESTAMP,NULL,NULL ),
       ('c411e37a-7435-434e-8653-a45073fa9cd6','ec1dcf78-7c4c-46ea-8680-af15825ca33c', 0,CURRENT_TIMESTAMP,NULL,NULL,CURRENT_TIMESTAMP,NULL,NULL ),
       ('c411e37a-7435-434e-8653-a45073fa9cd6','f9752cc7-4d87-47a2-95d4-942994eef43d', 9101.56,CURRENT_TIMESTAMP,NULL,NULL,CURRENT_TIMESTAMP,NULL,NULL ),
       ('c411e37a-7435-434e-8653-a45073fa9cd6','4229b980-9d25-4d8e-b364-93c98813f4eb',9101.56,CURRENT_TIMESTAMP,NULL,NULL,CURRENT_TIMESTAMP,NULL,NULL ),
       ('c411e37a-7435-434e-8653-a45073fa9cd6','83e88885-9831-4f77-aa90-c7dbcaf3a850', 0,CURRENT_TIMESTAMP,NULL,NULL,CURRENT_TIMESTAMP,NULL,NULL ),
       ('c411e37a-7435-434e-8653-a45073fa9cd6','519cf621-7b44-49b6-8eb9-00642af0c2df', 9101.56,CURRENT_TIMESTAMP,NULL,NULL,CURRENT_TIMESTAMP,NULL,NULL ),
       ('c411e37a-7435-434e-8653-a45073fa9cd6','079313bb-c8a5-409e-b342-4063d332c115', 0,CURRENT_TIMESTAMP,NULL,NULL,CURRENT_TIMESTAMP,NULL,NULL ),
       ('c411e37a-7435-434e-8653-a45073fa9cd6','c8953c26-1d17-4b05-9a6a-79e84b9f1c98', 9101.56,CURRENT_TIMESTAMP,NULL,NULL,CURRENT_TIMESTAMP,NULL,NULL ),
       ('c411e37a-7435-434e-8653-a45073fa9cd6','54ddc027-153a-41b1-95b1-f05a22495147', 0,CURRENT_TIMESTAMP,NULL,NULL,CURRENT_TIMESTAMP,NULL,NULL ),
       ('c411e37a-7435-434e-8653-a45073fa9cd6','59665050-24b0-4bb4-b2c0-7e371429e283', 9101.56,CURRENT_TIMESTAMP,NULL,NULL,CURRENT_TIMESTAMP,NULL,NULL ),
       ('c411e37a-7435-434e-8653-a45073fa9cd6','0832dc1e-34e9-4d41-acfd-a03c473a177f', 0,CURRENT_TIMESTAMP,NULL,NULL,CURRENT_TIMESTAMP,NULL,NULL ),
       ('c411e37a-7435-434e-8653-a45073fa9cd6','e98971a1-3a06-4504-98bf-4b3ad08f4401', 9101.56,CURRENT_TIMESTAMP,NULL,NULL,CURRENT_TIMESTAMP,NULL,NULL ),
       ('c411e37a-7435-434e-8653-a45073fa9cd6','97a2d259-179d-4db5-a2f3-facf3e638c2f', 0,CURRENT_TIMESTAMP,NULL,NULL,CURRENT_TIMESTAMP,NULL,NULL ),
       ('c411e37a-7435-434e-8653-a45073fa9cd6','dabf60f1-2303-4d3e-844a-f2a08d57d4b6', 9101.56,CURRENT_TIMESTAMP,NULL,NULL,CURRENT_TIMESTAMP,NULL,NULL ),
       ('c411e37a-7435-434e-8653-a45073fa9cd6','bbcaa317-e66e-43a3-aada-f23db5856202', 0,CURRENT_TIMESTAMP,NULL,NULL,CURRENT_TIMESTAMP,NULL,NULL);
